{"cameraMode":{"drawMode":0,"name":"Shaded","section":"Shading Mode"},"sceneLighting":true,"audioPlay":false,"sceneViewState":{"m_AlwaysRefresh":false,"showFog":true,"showSkybox":true,"showFlares":true,"showImageEffects":true,"showParticleSystems":true,"showVisualEffectGraphs":true,"m_FxEnabled":true},"in2DMode":false,"pivot":{"x":3.988701820373535,"y":16.583078384399415,"z":6.580569744110107},"rotation":{"x":0.040409769862890246,"y":0.7349593639373779,"z":0.043906714767217639,"w":-0.6756505370140076},"size":4.519590854644775,"orthographic":false}